#,business_name,category,address,city,phone,email,current_website,website_status,outdated_reasons,source_url,notes,slug
1,Knock Out Barber Shop,Barbershop,"2829 Del Paso Blvd, Sacramento, CA 95815",Sacramento,(916) 927-3989,knockoutbarbershop2011@gmail.com,,none,,https://exa.ai/library/place/6n1ntmy1pr7,Map listing points to a dead third-party page (sundo.top) - no own site found; booking via Booksy/Fresha only. 4.7 stars / 254 reviews.,
2,Aarin’s Barbershop,Barbershop,"7837 Stockton Blvd Ste 600, Sacramento, CA 95823",Sacramento,(916) 754-2165,aarinsbarbershop@gmail.com,,none,,https://exa.ai/library/place/y83snzpj5fs,No website on listing; only Booksy/directory pages found. 4.9 stars / 93 reviews.,
3,Norm's Barber Shop,Barbershop,"2890 4th Ave, Sacramento, CA 95818",Sacramento,(916) 456-9713,,,none,,https://exa.ai/library/place/9rl0jpml7y4,"TMBC-20261010-014. No own site. Owner-barber Norm, cash only, est. 1994. 4.9 stars / 92 reviews. Facebook: https://facebook.com/111663978888159",
4,Antonio's Barber Shop,Barbershop,"5134 Folsom Blvd, Sacramento, CA 95819",Sacramento,(916) 942-9171,,,none,,https://exa.ai/library/place/16tqt37j6sl,"Classic neighborhood barbershop; no website found, directories only. 5.0 stars / 22 reviews.",
5,Royal Nails,Nail salon,"7333 Greenback Ln, Citrus Heights, CA 95621",Citrus Heights,(916) 729-1989,royalnails916@gmail.com,,none,,https://exa.ai/library/place/kskz70q4kc8,Listing links only to a hub.biz directory page; no own site found (Fresha booking only). 4.4 stars / 161 reviews.,
6,Marie's Donuts,Donut shop,"2950 Freeport Blvd, Sacramento, CA 95818",Sacramento,(916) 444-5245,,,none,,https://exa.ai/library/place/1hq13nbj6rh,"Facebook page is its only web presence. Very popular - 4.8 stars / 1,321 reviews. Late-night hours. (Listing link: http://donutdash.org/)",
7,Broadway Donuts,Donut shop,"2731 Broadway, Sacramento, CA 95818",Sacramento,(916) 736-2544,broadwaydonuts@ymail.com,,none,,https://exa.ai/library/place/chlb6qnwxvx,Listing links to Yelp only. Reopened Dec 2025 under new owner (longtime baker) - press coverage in SacBee/ABC10/FOX40; good timing for a new site.,
8,Jack's Donuts Wheel,Donut shop,"2261 Northgate Blvd, Sacramento, CA 95833",Sacramento,(916) 925-6619,derekhan88@yahoo.com,,none,,https://exa.ai/library/place/h8306qnhrnf,Listing links to a dinehere.us aggregator page only; no own site found. 4.6 stars / 310 reviews.,
9,CK's Donuts,Donut shop,"8333 Folsom Blvd, Sacramento, CA 95826",Sacramento,(916) 381-3818,,,none,,https://exa.ai/library/place/ffm4p0rp0qf,Listing links to a city-data.com page only; no own site found. 4.7 stars / 322 reviews.,
10,16th Street Donuts,Donut shop,"1601 F St, Sacramento, CA 95814",Sacramento,(916) 443-6689,,,none,,https://exa.ai/library/place/42hb7qtrm2j,Listing links to a LocalWiki page only; no own site found. 4.6 stars / 429 reviews.,
11,Le Croissant Factory,Bakery,"6413 Riverside Blvd, Sacramento, CA 95831",Sacramento,(916) 392-9227,,,none,,https://exa.ai/library/place/g6qg7119062,Listing links to an auto-generated poi.place/edan.io page only; no own site found. 4.7 stars / 225 reviews.,
12,Taqueria Sanchez,Mexican restaurant,"2885 Norwood Ave, Sacramento, CA 95815",Sacramento,(916) 345-3015,,,none,,https://exa.ai/library/place/x402xdb6mwz,TMBC-20261010-029. No website; only delivery apps (Seamless) and directories. 4.4 stars / 140 reviews.,
13,E Z Tires,Tire shop,"4011 Winters St, Sacramento, CA 95838",Sacramento,(916) 923-5767,eztires4011@gmail.com,,none,,https://exa.ai/library/place/n4b63cylt38,Listing links to Yelp only. 4.7 stars / 553 reviews - busy shop with no site.,
14,Golden State Upholstery,Auto/marine/furniture upholstery,"5401 Warehouse Way, Sacramento, CA 95826",Sacramento,(916) 969-5720,goldenstateupholstery@gmail.com,,none,,https://exa.ai/library/place/90spjpk59kb,Facebook page is its only site. 5.0 stars / 23 reviews.,
15,Upholstery Unlimited,Furniture upholstery,"7930 14th Ave, Sacramento, CA 95826",Sacramento,(916) 454-3277,,,none,,https://exa.ai/library/place/100lb3ljbz9,No website found; YP/directories only. 4.6 stars / 33 reviews.,
16,Pass and Go Smog,Smog check,"3927 Marysville Blvd, Sacramento, CA 95838",Sacramento,(916) 692-5400,her9fong6@yahoo.com,,none,,https://exa.ai/library/place/4whhhbp0bwx,No website found; Yelp/MapQuest only. 4.9 stars / 99 reviews.,
17,5 STAR SMOG (Star Station),Smog check (STAR),"2790 Fruitridge Rd, Sacramento, CA 95820",Sacramento,(916) 400-3531,,,none,,https://exa.ai/library/place/mnk43m44vkt,No website found; Yelp/directories only. 4.7 stars / 261 reviews. Alt phone (530) 821-9363 also listed.,
18,Smog Xperts,Smog check,"121 Otto Cir # B, Sacramento, CA 95822",Sacramento,(916) 306-4810,,,none,,https://exa.ai/library/place/71h7j64dt5d,Veteran-owned; no own website found (Yelp/Groupon/directories only). 5.0 stars / 51 reviews.,
19,J & T Auto Repair,Auto repair,"6315 Watt Ave #124, North Highlands, CA 95660",North Highlands,(916) 332-7560,,,none,,https://exa.ai/library/place/dfqgtkry94x,No website found; directories only. 4.6 stars / 97 reviews.,
20,Fix Car's - Automotive Diagnostic & Repair Shop,Auto repair / diagnostics,"8500 Fruitridge Rd Unit11, Sacramento, CA 95826",Sacramento,(916) 601-2535,bigsofbests@gmail.com,,none,,https://exa.ai/library/place/qhxlknphwc9,No website found. 5.0 stars / 11 reviews.,
21,Schroeder's Shoe Repair,Shoe repair,"2022 10th St, Sacramento, CA 95818",Sacramento,(916) 441-1912,,,none,,https://exa.ai/library/place/4qmnb70r8sx,TMBC-20261010-012. Long-running shop; no website found. 4.4 stars / 109 reviews. Facebook: https://facebook.com/155641994474350,
22,K.S Complete Shoe Repair,Shoe & leather repair,"912 J St, Sacramento, CA 95814",Sacramento,(916) 448-3655,,,none,,https://exa.ai/library/place/gj0k6m453bt,No website found; across from Cesar Chavez Park. 4.2 stars / 80 reviews.,
23,Linda Lee Alterations,Alterations / tailor,"3000 Freeport Blvd #2, Sacramento, CA 95818",Sacramento,(916) 444-3553,,,none,,https://exa.ai/library/place/vc4kx421160,No website found; Yelp/directories only. 4.2 stars / 70 reviews.,
24,Mike's Mower Shop,Lawn mower / small engine repair,"1815 Silica Ave Ste A, Sacramento, CA 95815",Sacramento,(916) 921-8601,,,none,,https://exa.ai/library/place/hqqg7ybw463,No website found; directories only. 4.5 stars / 59 reviews.,
25,All Green Power Equipment,Lawn mower / small engine repair,"5885 La Castana Way, Sacramento, CA 95823",Sacramento,(916) 676-3608,,,none,,https://exa.ai/library/place/vrqtwlyk85s,No website found; directories only. 4.9 stars / 95 reviews.,
26,Prime Service Co. Appliance Repair,Appliance repair,"4408 Norwood Ave #8, Sacramento, CA 95838",Sacramento,(916) 994-0054,,,none,,https://exa.ai/library/place/4cnc7h7mdh0,"Active CA LLC; no website found, directories only. 4.9 stars / 182 reviews.",
27,El Novillero Restaurant,Mexican restaurant,"4216 Franklin Blvd, Sacramento, CA 95820",Sacramento,(916) 456-4287,,https://www.elnov.com/,outdated,No doctype; table-based layout (8 tables); no mobile viewport; embedded script dated 1996; HTTP-era design,https://www.elnov.com/ ; https://www.bbb.org/us/ca/sacramento/profile/restaurants/el-novillero-restaurant-1156-33013117,"Family-run since 1970 (56 years); site is the strongest ""old-school"" example on this list.",
28,Sacramento Radiator Sales and Service,Radiator repair,"6430 Franklin Blvd # 4, Sacramento, CA 95823",Sacramento,(916) 392-1149,,https://sacramentoradiator.wixsite.com/sacramentoradiator,outdated,"Free wixsite.com subdomain; unfinished Wix template with placeholder text (""I'm a title... Click to edit me"") still live; ""This website was built on Wix"" banner",https://exa.ai/library/place/3xcgx6p63tx,4.4 stars / 39 reviews.,
29,Pino's Auto Repair,Auto repair,"3805 Madison Ave, North Highlands, CA 95660",North Highlands,(916) 256-7996,wwgdocbox@gmail.com,http://www.pinosauto.1020access.com/,outdated,"Hosted on a 1020access.com subdomain; XHTML 1.0 Transitional doctype; no mobile viewport; copy written ~2010 (""over 20 years"" since 1990)",https://exa.ai/library/place/w02tx4pqr6f,5.0 stars / 18 reviews.,
30,SK Auto Repair,Auto repair & smog,"4381 Gateway Park Blvd #500, Sacramento, CA 95834",Sacramento,(916) 922-2976,skauto1@yahoo.com,http://www.skautorepairandsmog.com/,outdated,Legacy GoDaddy Website Builder 7 site; no mobile viewport; no valid HTTPS,https://exa.ai/library/place/ptgj1z7td7p,4.4 stars / 210 reviews.,
31,Aluminum and Stainless Weldmasters,Welding / fabrication,"1621 Juliesse Ave Suite B, Sacramento, CA 95815",Sacramento,(916) 747-9487,,http://www.theweldmaster.com/,outdated,HTTP-only (no SSL); bare one-page text site; page title is just the URL,https://exa.ai/library/place/kwwmfzn97w6,4.9 stars / 12 reviews.,
32,Eagle Claw Kung Fu of Sacramento,Martial arts (kung fu),"2791 24th St, Sacramento, CA 95818",Sacramento,(916) 441-7215,mary.eagleclawsacramento@gmail.com,http://www.sacramentoeagleclaw.com/,outdated,"Listed domain now shows an unrelated ""Dreamcraft"" gaming forum (MyBB) - business has effectively lost its website; old XHTML table layout, no SSL",https://exa.ai/library/place/m4ttz0pw14m,Strong pitch: their map listing sends customers to a gaming forum. 4.2 stars / 5 reviews.,
33,Trophy Center & Port Engraving,Trophies / engraving,"3609 Bradshaw Rd Ste G, Sacramento, CA 95827",Sacramento,(916) 739-8624,trophycenter21@aol.com,https://www.awardandtrophycenter.com/,outdated,"Dated builder site with <font> tags; ""WE HAVE MOVED"" banner; AOL contact email",https://exa.ai/library/place/vc1qyb6dyn7,65+ years in business. Email trophycenter21@aol.com found on its site.,
34,Par TV Services,TV repair (in-home),"1802 Alicante St, Davis, CA 95618 (per website; in-home mobile service)",Davis,(916) 760-0427,partvservice@gmail.com,http://www.sacramentotvrepair.com/,outdated,Legacy GoDaddy Website Builder 7; no mobile viewport; <font> tags; no valid HTTPS,https://exa.ai/library/place/ylplk4d3wkf,"Mobile service; site contact page lists 1802 Alicante St, Davis, CA (service area Sacramento). Email from site contact page.",
35,I love my shoe shine,Shoe shine,"824 L St, Sacramento, CA 95814",Sacramento,(916) 213-7723,ilovemyshoeshine@gmail.com,http://www.ilovemyshoeshine.com/,outdated,"Built ~2011 (copyright 2011-2026); jQuery 1.9.1 (2013); template placeholder ""your@email.com"" left in page",https://exa.ai/library/place/552l6xxwtzc,5.0 stars / 50 reviews.,
36,Chita's Taquería,Mexican restaurant,"2019 Q St, Sacramento, CA 95811",Sacramento,(916) 930-0951,angalv@prodigy.net,http://www.chitasmexicangrill.com/,outdated,Domain redirects to a subfolder on a third-party host (fpmw.us); jQuery 1.7.1 (2011); commented-out menu markup visible,https://exa.ai/library/place/rt7lsv0zxjr,Since 2006; 4.4 stars / 989 reviews - big customer base.,
37,Capitol City European,European auto repair,"4150 Power Inn Rd, Sacramento, CA 95826",Sacramento,(916) 452-5811,chris@capcityeuro.com,http://capcityeuro.com/,outdated,"HTTP-only, no SSL (browsers flag ""Not Secure""); dated WordPress theme",https://exa.ai/library/place/yxy92hqnzn8,4.6 stars / 31 reviews. Owner email (chris@) listed.,
38,Star Motors,Import auto repair,"2680 Florin Rd #103a, Sacramento, CA 95822",Sacramento,(916) 421-4007,starmotors@att.net,http://www.starmotorsservice.com/,outdated,Running WordPress 4.3.1 (2015) - 10+ years without core updates (security risk); dated Divi layout,https://exa.ai/library/place/rhm66lw57j2,4.8 stars / 113 reviews; att.net email.,
39,Jay's Mobile Welding & Fabricating,Mobile welding,"8581 Younger Creek Dr Ste 200, Sacramento, CA 95828",Sacramento,(916) 203-8082,,https://www.jaysweldingandauto.com,outdated,"Website broken: shows DreamHost ""Site Not Found"" page",https://exa.ai/library/place/j801qn0mwxw,4.4 stars / 9 reviews.,
40,Sac City Plumbing,Plumbing,"3031 E St, Sacramento, CA 95816",Sacramento,(657) 756-7519,michael@saccityplumbing.com,http://SacCityPlumbing.com/,outdated,"Website broken: homepage redirects to a ""404 - Page Not Found"" error; no valid HTTPS",https://exa.ai/library/place/qqbk52yy6sb,4.9 stars / 11 reviews. Phone is 657 area code per listing.,
41,Xpert Upholstery Works,Upholstery & embroidery,"7941 Amador Ave suite 3, Sacramento, CA 95826",Sacramento,(279) 786-5422,info@xpertupholsteryworks.net,https://www.xpertupholsteryworks.net/,outdated,"Map listing points to xpertupholsteryworks.com, which does not load; working .net site still has default WordPress tagline ""Just another WordPress site"", copyright 2022, typos (""COMMERICAL"", ""emboridery"")",https://exa.ai/library/place/5scf4f22sdw,Listing phone (279) 786-5422; site phone 1-619-586-4296; site email info@xpertupholsteryworks.net.,
42,Friends Of Bailee,Dog grooming,"6622 Freeport Blvd #4, Sacramento, CA 95822",Sacramento,(916) 662-4942,friendsofbailee@gmail.com,http://www.friendsofbailee.com/,outdated,"Wix site untouched since 2013 (""(c) 2013 ... Proudly created with Wix"")",https://exa.ai/library/place/9xrzrk9svmv,4.9 stars / 26 reviews.,
43,"Larson Industrial Services, Inc.",Industrial contractor / millwright,"6000 Midway St Ste 400, Sacramento, CA 95828",Sacramento,(916) 383-6022,,http://www.larsonindustrial.com,outdated,Legacy GoDaddy Website Builder 7; no mobile viewport,https://exa.ai/library/place/98g2jhv3h3h,B2B industrial services company.,
44,Moore's Martial Arts of Sacramento,Martial arts,"5708 Broadway, Sacramento, CA 95820",Sacramento,(916) 613-6994,shigungtansacto@gmail.com,https://www.mooresmartialartssacramento.com/,outdated,"Template placeholder text left live (""Supporting copy for the Request Service call out button""); <font> tags",https://exa.ai/library/place/l1ww6jhk1mr,4.9 stars / 27 reviews.,
45,59th Street Barbershop,Barbershop,"2917 59th St, Sacramento, CA 95817",Sacramento,(916) 809-0338,59thstreetbarbershop@gmail.com,http://59thstreetbarbershop.com/,outdated,"Listed website does not load (HTTPS fails, HTTP returned 502) - appears down; verify before pitching",https://exa.ai/library/place/dbv4lb3jzkv,TMBC-20261010-031. Contact Mike. 4.9 stars / 82 reviews.,
46,Sacramento Rug Works,Rug cleaning,"1308 65th St, Sacramento, CA 95819",Sacramento,(916) 455-3081,sacrug@sbcglobal.net,https://sacrugworks.com,outdated,"XHTML 1.0 Transitional; no mobile viewport; ""Copyright 2016""",https://exa.ai/library/place/6spnydf766t,sbcglobal.net email. 4.5 stars / 71 reviews.,
47,Changs Thai Cuisine,Thai restaurant,"3620 N Freeway Blvd, Sacramento, CA 95834",Sacramento,(916) 333-2978,changs3@yahoo.com,http://changsthaicuisine.com/,outdated,<font> tags (9) and table markup; jQuery 1.8.3 (2012),https://exa.ai/library/place/1xdttcv7zgy,4.4 stars / 225 reviews; yahoo email.,
48,Smog Express,Smog check (STAR),"2401 16th St, Sacramento, CA 95818",Sacramento,(279) 386-8014,,http://www.smogexpressonline.com/,outdated,Listed domain has lapsed - now a parked ad page (ww17.smogexpressonline.com),https://exa.ai/library/place/wk65qdrvbcc,4.8 stars / 114 reviews. Alt phone (916) 498-8477 per BAR/check-smog listings.,
49,John's Towing,Towing,"8540 Elder Creek Rd Ste D, Sacramento, CA 95828",Sacramento,(916) 712-1578,,https://johnstowingatl.com,outdated,"Map listing links to an unrelated Atlanta, GA towing company's 2014 Wix site - no correct Sacramento site",https://exa.ai/library/place/dp96hj3hbtv,3.6 stars / 128 reviews.,
50,Nor Cali Fences And Concrete,Fence & concrete contractor,"2186 Ferran Ave, Sacramento, CA 95832",Sacramento,(925) 303-2664,norcalifences@gmail.com,http://NorCaliFencesAndConcrete.com/,outdated,"Wix site from 2016 (""(c)2016 by Nor Cali Fences""); typos in nav (""Free Esstimate"", ""Benefits Of Staning"")",https://exa.ai/library/place/c9c7q0jmt55,925 area code phone.,
51,Love Auto Repair,Auto repair,"3523 Kiessig Ave Ste J, Sacramento, CA 95823",Sacramento,(916) 391-4095,,,none,,https://www.yelp.com/biz/love-auto-repair-sacramento,TMBC-20261010-004. No website found. Owner Tony T. 4.8 stars / 17 reviews on Yelp.,
52,Sergio's Shoe Repair,Shoe repair,"500 Capitol Mall #134, Sacramento, CA 95814",Sacramento,(916) 448-7463,,,none,,https://www.chamberofcommerce.com/business-directory/california/sacramento/shoe-repair-shop/24402217-sergios-shoe-repair,TMBC-20261010-006. No website found.,
53,Elegant Designs,Tailoring & alterations,"2326 Fair Oaks Blvd #F, Sacramento, CA 95825",Sacramento,(916) 921-1221,,,none,,https://www.yelp.com/biz/elegant-designs-sacramento,TMBC-20261010-013. Owner Jenny. Yelp 4.1 / 69 reviews. maygdesign.com is a different business.,
54,Nisei Barber Shop,Barbershop,"1505 4th St, Sacramento, CA 95814",Sacramento,(916) 442-2168,niseibarbershop@gmail.com,,none,,https://sacgoes.com/only-in-sac/nisei-barber-shop,TMBC-20261010-015. Owner Cory Umezu. Since ~1950. barbershop.org is a different org. 4.8 / 48 Google reviews.,
55,Expert Custom Upholstery,Custom upholstery,"4447 Auburn Blvd B, Sacramento, CA 95841",Sacramento,(916) 284-3204,expertcustomupholstery@yahoo.com,,outdated,,,TMBC-20261010-001. Hand-built page (hand_built in data/lead_enrichment.json).,custom-upholstery
56,Custom Glassworks By Mickey,Custom stained glass,"2116 19th St, Sacramento, CA 95818",Sacramento,(916) 955-7026,info@stainedglassbymickey.com,,outdated,,,TMBC-20261010-010. Hand-built page.,glass-by-mickey
57,B & T Upholstery & Repair,Upholstery & heavy-duty sewing,"6806 Fruitridge Rd, Sacramento, CA 95820",Sacramento,(916) 995-7177,,,outdated,,,TMBC-20261010-011. Hand-built page; phone added (916) 995-7177.,bt-upholstery
58,Same Day Alterations & Fashion Design,Tailoring & alterations,"3432 Whitney Ave, Sacramento, CA 95821",Sacramento,(916) 840-9257,,,none,,https://www.bestprosintown.com/ca/sacramento/same-day-alterations-and-fashion-design-/,TMBC-20261010-016. Behind AutoZone near Whitney & Watt. Yelp 4.5/83.,same-day-alterations
59,Goodyear Cobbler & Cleaners,Shoe repair & dry cleaning,"1623 10th St, Sacramento, CA 95814",Sacramento,(916) 447-8830,,,none,,https://local.yahoo.com/info-21756461-goodyear-cobbler-cleaners-sacramento/,TMBC-20261010-017. Yelp 3.5/30.,goodyear-cobbler
60,Yummy Choice,"Lunch counter (Vietnamese, Chinese & American)","1601 10th St, Sacramento, CA 95814",Sacramento,(916) 341-0298,,,none,,https://www.restaurantji.com/ca/sacramento/yummy-choice-/,TMBC-20261010-022. Mon-Fri 10-2. Google 4.1/71 (Exa).,yummy-choice
61,ATS Automotive Service,Auto repair,"3073 Freeport Blvd, Sacramento, CA 95818",Sacramento,(916) 231-9414,,,none,,https://www.bestprosintown.com/ca/sacramento/ats-automotive-service-/,TMBC-20261010-018. Old business.site link returns 404. Google 4.5/16 (Exa). Related to AD Smog per a review.,ats-automotive
62,Sham Sweets,Syrian sweets & booza,"1327 Fulton Ave, Sacramento, CA 95825",Sacramento,(916) 664-3138,,,none,,https://www.menupix.com/sacramento/restaurants/32114359/Sham-Sweets-Sacramento-CA,TMBC-20261010-019. Owner Ayman Alkabani. Old business.site link returns 404.,sham-sweets
63,Taste of Angkor,Cambodian restaurant,"4566 Mack Rd, Sacramento, CA 95823",Sacramento,(916) 917-5630,tasteofangkor999@yahoo.com,,none,,https://www.yelp.com/biz/taste-of-angkor-sacramento,TMBC-20261010-020. tasteofangkor.com no longer exists. Yelp 454 reviews; Google 4.3/241 (Exa). Email unverified.,taste-of-angkor
64,Rafa's Mexican Food,Mexican food truck,"2221 Del Paso Rd, Sacramento, CA 95835",Sacramento,(916) 613-8145,,,none,,https://www.restaurantji.com/ca/sacramento/rafas-mexican-food-/,TMBC-20261010-021. Sheet phone (916) 928-5601 (NetWaiter); Yelp/Restaurantji show (916) 613-8145. Aug 2026 reviews say the truck MOVED from Del Paso Rd; new spot unconfirmed.,rafas-mexican-food
65,Pho King 2,Vietnamese restaurant,"6830 Stockton Blvd #180, Sacramento, CA 95823",Sacramento,(916) 395-9244,,,none,,https://maps.apple.com/place?place-id=I74884D690C38AC35,TMBC-20261010-023. Listed site pho-king-2.cafes-world.com is a third-party page. Yelp 3.7/331; Google 4.1/187.,pho-king-2
66,Ricardo's Auto Repair,Auto repair,"4273 Power Inn Rd, Sacramento, CA 95826",Sacramento,(916) 456-7343,,,none,,https://reviews.birdeye.com/ricardos-auto-repair-156044242766118,TMBC-20261010-027. Owner Ricardo Flores. Google 4.4/32 (Exa).,ricardos-auto-repair
67,Ad Smog,Smog check (STAR),"2017 16th St, Sacramento, CA 95818",Sacramento,(916) 498-0988,,,none,,https://www.yelp.com/biz/ad-smog-sacramento,TMBC-20261010-028. Yelp 4.3/153 (claimed). Possible link to ATS (018) from a review only; unverified.,ad-smog
68,Lotus Hair & Nails,Hair & nail salon,"5600 H St #140, Sacramento, CA 95819",Sacramento,(916) 451-1510,thailandp@yahoo.com,,none,,https://exa.ai/library/place/2d9810n03jm,TMBC-20261010-024. lotushairnails.com now serves a spam/gambling page. Google 4.8/43 (Exa). Email unverified.,lotus-hair-nails
69,Golden State Jewelers,Jewelry store & repair,"996 Florin Rd Ste B, Sacramento, CA 95831",Sacramento,(916) 421-5284,goldenstatejewelers@gmail.com,,none,,https://www.bbb.org/us/ca/sacramento/profile/jewelry-stores/golden-state-jewelers-inc-1156-28001898,TMBC-20261010-025. Lake Crest Village. BBB: founded 1978. Latest review found Mar 2024; confirm open. Email unverified.,golden-state-jewelers
70,Sara's Alterations,Alterations & tailoring,"2380 Watt Ave #350, Sacramento, CA 95825",Sacramento,(916) 480-2959,,,none,,https://local.yahoo.com/info-41536291-sara-s-alterations-sacramento/,"TMBC-20261010-032. Inside Country Club Plaza. Family-run, cash only per reviews. Yelp 4.5/97.",saras-alterations
71,Express Watch Repair,"Watch & jewelry repair, engraving","2380 Watt Ave #310, Sacramento, CA 95825",Sacramento,(916) 827-8186,,,none,,https://www.countryclubplazamall.com/retail,TMBC-20261010-033. Inside Country Club Plaza. Contact Scott. Cash only. 4.4/99.,express-watch-repair
