lead_number,business_name,slug,preview_url,compare_url,email,phone
1,Knock Out Barber Shop,knock-out-barber-shop,https://themarkkbradoncollective.github.io/TMBC-Works/knock-out-barber-shop/,,knockoutbarbershop2011@gmail.com,(916) 927-3989
2,Aarin’s Barbershop,aarins-barbershop,https://themarkkbradoncollective.github.io/TMBC-Works/aarins-barbershop/,,aarinsbarbershop@gmail.com,(916) 754-2165
3,Norm's Barber Shop,norms-barber-shop,https://themarkkbradoncollective.github.io/TMBC-Works/norms-barber-shop/,,,(916) 456-9713
4,Antonio's Barber Shop,antonios-barber-shop,https://themarkkbradoncollective.github.io/TMBC-Works/antonios-barber-shop/,,,(916) 942-9171
5,Royal Nails,royal-nails,https://themarkkbradoncollective.github.io/TMBC-Works/royal-nails/,,royalnails916@gmail.com,(916) 729-1989
6,Marie's Donuts,maries-donuts,https://themarkkbradoncollective.github.io/TMBC-Works/maries-donuts/,,,(916) 444-5245
7,Broadway Donuts,broadway-donuts,https://themarkkbradoncollective.github.io/TMBC-Works/broadway-donuts/,,broadwaydonuts@ymail.com,(916) 736-2544
8,Jack's Donuts Wheel,jacks-donuts-wheel,https://themarkkbradoncollective.github.io/TMBC-Works/jacks-donuts-wheel/,,derekhan88@yahoo.com,(916) 925-6619
9,CK's Donuts,cks-donuts,https://themarkkbradoncollective.github.io/TMBC-Works/cks-donuts/,,,(916) 381-3818
10,16th Street Donuts,16th-street-donuts,https://themarkkbradoncollective.github.io/TMBC-Works/16th-street-donuts/,,,(916) 443-6689
11,Le Croissant Factory,le-croissant-factory,https://themarkkbradoncollective.github.io/TMBC-Works/le-croissant-factory/,,,(916) 392-9227
12,Taqueria Sanchez,taqueria-sanchez,https://themarkkbradoncollective.github.io/TMBC-Works/taqueria-sanchez/,,,(916) 345-3015
13,E Z Tires,e-z-tires,https://themarkkbradoncollective.github.io/TMBC-Works/e-z-tires/,,eztires4011@gmail.com,(916) 923-5767
14,Golden State Upholstery,golden-state-upholstery,https://themarkkbradoncollective.github.io/TMBC-Works/golden-state-upholstery/,,goldenstateupholstery@gmail.com,(916) 969-5720
15,Upholstery Unlimited,upholstery-unlimited,https://themarkkbradoncollective.github.io/TMBC-Works/upholstery-unlimited/,,,(916) 454-3277
16,Pass and Go Smog,pass-and-go-smog,https://themarkkbradoncollective.github.io/TMBC-Works/pass-and-go-smog/,,her9fong6@yahoo.com,(916) 692-5400
17,5 STAR SMOG (Star Station),5-star-smog,https://themarkkbradoncollective.github.io/TMBC-Works/5-star-smog/,,,(916) 400-3531
18,Smog Xperts,smog-xperts,https://themarkkbradoncollective.github.io/TMBC-Works/smog-xperts/,,,(916) 306-4810
19,J & T Auto Repair,j-t-auto-repair,https://themarkkbradoncollective.github.io/TMBC-Works/j-t-auto-repair/,,,(916) 332-7560
20,Fix Car's - Automotive Diagnostic & Repair Shop,fix-cars-auto-repair,https://themarkkbradoncollective.github.io/TMBC-Works/fix-cars-auto-repair/,,bigsofbests@gmail.com,(916) 601-2535
21,Schroeder's Shoe Repair,schroeders-shoe-repair,https://themarkkbradoncollective.github.io/TMBC-Works/schroeders-shoe-repair/,,,(916) 441-1912
22,K.S Complete Shoe Repair,ks-complete-shoe-repair,https://themarkkbradoncollective.github.io/TMBC-Works/ks-complete-shoe-repair/,,,(916) 448-3655
23,Linda Lee Alterations,linda-lee-alterations,https://themarkkbradoncollective.github.io/TMBC-Works/linda-lee-alterations/,,,(916) 444-3553
24,Mike's Mower Shop,mikes-mower-shop,https://themarkkbradoncollective.github.io/TMBC-Works/mikes-mower-shop/,,,(916) 921-8601
25,All Green Power Equipment,all-green-power-equipment,https://themarkkbradoncollective.github.io/TMBC-Works/all-green-power-equipment/,,,(916) 676-3608
26,Prime Service Co. Appliance Repair,prime-service-appliance-repair,https://themarkkbradoncollective.github.io/TMBC-Works/prime-service-appliance-repair/,,,(916) 994-0054
27,El Novillero Restaurant,el-novillero,https://themarkkbradoncollective.github.io/TMBC-Works/el-novillero/,https://themarkkbradoncollective.github.io/TMBC-Works/el-novillero/compare.html,,(916) 456-4287
28,Sacramento Radiator Sales and Service,sacramento-radiator,https://themarkkbradoncollective.github.io/TMBC-Works/sacramento-radiator/,https://themarkkbradoncollective.github.io/TMBC-Works/sacramento-radiator/compare.html,,(916) 392-1149
29,Pino's Auto Repair,pinos-auto-repair,https://themarkkbradoncollective.github.io/TMBC-Works/pinos-auto-repair/,https://themarkkbradoncollective.github.io/TMBC-Works/pinos-auto-repair/compare.html,wwgdocbox@gmail.com,(916) 256-7996
30,SK Auto Repair,sk-auto-repair,https://themarkkbradoncollective.github.io/TMBC-Works/sk-auto-repair/,https://themarkkbradoncollective.github.io/TMBC-Works/sk-auto-repair/compare.html,skauto1@yahoo.com,(916) 922-2976
31,Aluminum and Stainless Weldmasters,weldmasters,https://themarkkbradoncollective.github.io/TMBC-Works/weldmasters/,https://themarkkbradoncollective.github.io/TMBC-Works/weldmasters/compare.html,,(916) 747-9487
32,Eagle Claw Kung Fu of Sacramento,eagle-claw-kung-fu-of-sacramento,https://themarkkbradoncollective.github.io/TMBC-Works/eagle-claw-kung-fu-of-sacramento/,https://themarkkbradoncollective.github.io/TMBC-Works/eagle-claw-kung-fu-of-sacramento/compare.html,mary.eagleclawsacramento@gmail.com,(916) 441-7215
33,Trophy Center & Port Engraving,trophy-center-port-engraving,https://themarkkbradoncollective.github.io/TMBC-Works/trophy-center-port-engraving/,https://themarkkbradoncollective.github.io/TMBC-Works/trophy-center-port-engraving/compare.html,trophycenter21@aol.com,(916) 739-8624
34,Par TV Services,par-tv-services,https://themarkkbradoncollective.github.io/TMBC-Works/par-tv-services/,https://themarkkbradoncollective.github.io/TMBC-Works/par-tv-services/compare.html,partvservice@gmail.com,(916) 760-0427
35,I love my shoe shine,i-love-my-shoe-shine,https://themarkkbradoncollective.github.io/TMBC-Works/i-love-my-shoe-shine/,https://themarkkbradoncollective.github.io/TMBC-Works/i-love-my-shoe-shine/compare.html,ilovemyshoeshine@gmail.com,(916) 213-7723
36,Chita's Taquería,chitas-taqueria,https://themarkkbradoncollective.github.io/TMBC-Works/chitas-taqueria/,https://themarkkbradoncollective.github.io/TMBC-Works/chitas-taqueria/compare.html,angalv@prodigy.net,(916) 930-0951
37,Capitol City European,capitol-city-european,https://themarkkbradoncollective.github.io/TMBC-Works/capitol-city-european/,https://themarkkbradoncollective.github.io/TMBC-Works/capitol-city-european/compare.html,chris@capcityeuro.com,(916) 452-5811
38,Star Motors,star-motors,https://themarkkbradoncollective.github.io/TMBC-Works/star-motors/,https://themarkkbradoncollective.github.io/TMBC-Works/star-motors/compare.html,starmotors@att.net,(916) 421-4007
39,Jay's Mobile Welding & Fabricating,jays-mobile-welding,https://themarkkbradoncollective.github.io/TMBC-Works/jays-mobile-welding/,https://themarkkbradoncollective.github.io/TMBC-Works/jays-mobile-welding/compare.html,,(916) 203-8082
40,Sac City Plumbing,sac-city-plumbing,https://themarkkbradoncollective.github.io/TMBC-Works/sac-city-plumbing/,https://themarkkbradoncollective.github.io/TMBC-Works/sac-city-plumbing/compare.html,michael@saccityplumbing.com,(657) 756-7519
41,Xpert Upholstery Works,xpert-upholstery-works,https://themarkkbradoncollective.github.io/TMBC-Works/xpert-upholstery-works/,https://themarkkbradoncollective.github.io/TMBC-Works/xpert-upholstery-works/compare.html,info@xpertupholsteryworks.net,(279) 786-5422
42,Friends Of Bailee,friends-of-bailee,https://themarkkbradoncollective.github.io/TMBC-Works/friends-of-bailee/,https://themarkkbradoncollective.github.io/TMBC-Works/friends-of-bailee/compare.html,friendsofbailee@gmail.com,(916) 662-4942
43,"Larson Industrial Services, Inc.",larson-industrial-services,https://themarkkbradoncollective.github.io/TMBC-Works/larson-industrial-services/,https://themarkkbradoncollective.github.io/TMBC-Works/larson-industrial-services/compare.html,,(916) 383-6022
44,Moore's Martial Arts of Sacramento,moores-martial-arts,https://themarkkbradoncollective.github.io/TMBC-Works/moores-martial-arts/,https://themarkkbradoncollective.github.io/TMBC-Works/moores-martial-arts/compare.html,shigungtansacto@gmail.com,(916) 613-6994
45,59th Street Barbershop,59th-street-barbershop,https://themarkkbradoncollective.github.io/TMBC-Works/59th-street-barbershop/,https://themarkkbradoncollective.github.io/TMBC-Works/59th-street-barbershop/compare.html,59thstreetbarbershop@gmail.com,(916) 809-0338
46,Sacramento Rug Works,sacramento-rug-works,https://themarkkbradoncollective.github.io/TMBC-Works/sacramento-rug-works/,https://themarkkbradoncollective.github.io/TMBC-Works/sacramento-rug-works/compare.html,sacrug@sbcglobal.net,(916) 455-3081
47,Changs Thai Cuisine,changs-thai-cuisine,https://themarkkbradoncollective.github.io/TMBC-Works/changs-thai-cuisine/,https://themarkkbradoncollective.github.io/TMBC-Works/changs-thai-cuisine/compare.html,changs3@yahoo.com,(916) 333-2978
48,Smog Express,smog-express,https://themarkkbradoncollective.github.io/TMBC-Works/smog-express/,https://themarkkbradoncollective.github.io/TMBC-Works/smog-express/compare.html,,(279) 386-8014
49,John's Towing,johns-towing,https://themarkkbradoncollective.github.io/TMBC-Works/johns-towing/,https://themarkkbradoncollective.github.io/TMBC-Works/johns-towing/compare.html,,(916) 712-1578
50,Nor Cali Fences And Concrete,nor-cali-fences-and-concrete,https://themarkkbradoncollective.github.io/TMBC-Works/nor-cali-fences-and-concrete/,https://themarkkbradoncollective.github.io/TMBC-Works/nor-cali-fences-and-concrete/compare.html,norcalifences@gmail.com,(925) 303-2664
51,Love Auto Repair,love-auto-repair,https://themarkkbradoncollective.github.io/TMBC-Works/love-auto-repair/,,,(916) 391-4095
52,Sergio's Shoe Repair,sergios-shoe-repair,https://themarkkbradoncollective.github.io/TMBC-Works/sergios-shoe-repair/,,,(916) 448-7463
53,Elegant Designs,elegant-designs,https://themarkkbradoncollective.github.io/TMBC-Works/elegant-designs/,,,(916) 921-1221
54,Nisei Barber Shop,nisei-barber-shop,https://themarkkbradoncollective.github.io/TMBC-Works/nisei-barber-shop/,,niseibarbershop@gmail.com,(916) 442-2168
55,Expert Custom Upholstery,custom-upholstery,https://themarkkbradoncollective.github.io/TMBC-Works/custom-upholstery/,https://themarkkbradoncollective.github.io/TMBC-Works/custom-upholstery/compare.html,expertcustomupholstery@yahoo.com,(916) 284-3204
56,Custom Glassworks By Mickey,glass-by-mickey,https://themarkkbradoncollective.github.io/TMBC-Works/glass-by-mickey/,https://themarkkbradoncollective.github.io/TMBC-Works/glass-by-mickey/compare.html,info@stainedglassbymickey.com,(916) 955-7026
57,B & T Upholstery & Repair,bt-upholstery,https://themarkkbradoncollective.github.io/TMBC-Works/bt-upholstery/,https://themarkkbradoncollective.github.io/TMBC-Works/bt-upholstery/compare.html,,(916) 995-7177
58,Same Day Alterations & Fashion Design,same-day-alterations,https://themarkkbradoncollective.github.io/TMBC-Works/same-day-alterations/,https://themarkkbradoncollective.github.io/TMBC-Works/same-day-alterations/compare.html,,(916) 840-9257
59,Goodyear Cobbler & Cleaners,goodyear-cobbler,https://themarkkbradoncollective.github.io/TMBC-Works/goodyear-cobbler/,https://themarkkbradoncollective.github.io/TMBC-Works/goodyear-cobbler/compare.html,,(916) 447-8830
60,Yummy Choice,yummy-choice,https://themarkkbradoncollective.github.io/TMBC-Works/yummy-choice/,https://themarkkbradoncollective.github.io/TMBC-Works/yummy-choice/compare.html,,(916) 341-0298
61,ATS Automotive Service,ats-automotive,https://themarkkbradoncollective.github.io/TMBC-Works/ats-automotive/,https://themarkkbradoncollective.github.io/TMBC-Works/ats-automotive/compare.html,,(916) 231-9414
62,Sham Sweets,sham-sweets,https://themarkkbradoncollective.github.io/TMBC-Works/sham-sweets/,https://themarkkbradoncollective.github.io/TMBC-Works/sham-sweets/compare.html,,(916) 664-3138
